-- Optional data so you don't have to enter this information manually

-- Create a few question categories
INSERT INTO `question_categories` (`name`, `color`) VALUES ('Math', '#ff0000');
INSERT INTO `question_categories` (`name`, `color`) VALUES ('Programming', '#0000ff');
INSERT INTO `question_categories` (`name`, `color`) VALUES ('English', '#9143ba');
INSERT INTO `question_categories` (`name`, `color`) VALUES ('Danish', '#80ff00');
INSERT INTO `question_categories` (`name`, `color`) VALUES ('SQL', '#000000');


-- create board groups
INSERT INTO `board_groups` (`id`, `name`) VALUES (1, 'South');
INSERT INTO `board_groups` (`id`, `name`) VALUES (2, 'East');
INSERT INTO `board_groups` (`id`, `name`) VALUES (3, 'North');
INSERT INTO `board_groups` (`id`, `name`) VALUES (4, 'West');
INSERT INTO `board_groups` (`id`, `name`) VALUES (5, 'Center');


-- add fields to board groups
INSERT INTO `board_field_groups` (`board_group_id`, `board_field_id`) VALUES (1, 5);
INSERT INTO `board_field_groups` (`board_group_id`, `board_field_id`) VALUES (1, 6);
INSERT INTO `board_field_groups` (`board_group_id`, `board_field_id`) VALUES (1, 7);
INSERT INTO `board_field_groups` (`board_group_id`, `board_field_id`) VALUES (1, 8);
INSERT INTO `board_field_groups` (`board_group_id`, `board_field_id`) VALUES (1, 9);
INSERT INTO `board_field_groups` (`board_group_id`, `board_field_id`) VALUES (1, 10);
INSERT INTO `board_field_groups` (`board_group_id`, `board_field_id`) VALUES (1, 11);
INSERT INTO `board_field_groups` (`board_group_id`, `board_field_id`) VALUES (1, 12);
INSERT INTO `board_field_groups` (`board_group_id`, `board_field_id`) VALUES (1, 13);
INSERT INTO `board_field_groups` (`board_group_id`, `board_field_id`) VALUES (1, 14);
INSERT INTO `board_field_groups` (`board_group_id`, `board_field_id`) VALUES (1, 329);
INSERT INTO `board_field_groups` (`board_group_id`, `board_field_id`) VALUES (1, 330);
INSERT INTO `board_field_groups` (`board_group_id`, `board_field_id`) VALUES (1, 331);
INSERT INTO `board_field_groups` (`board_group_id`, `board_field_id`) VALUES (1, 332);
INSERT INTO `board_field_groups` (`board_group_id`, `board_field_id`) VALUES (1, 333);
INSERT INTO `board_field_groups` (`board_group_id`, `board_field_id`) VALUES (1, 334);
INSERT INTO `board_field_groups` (`board_group_id`, `board_field_id`) VALUES (1, 335);
INSERT INTO `board_field_groups` (`board_group_id`, `board_field_id`) VALUES (1, 336);
INSERT INTO `board_field_groups` (`board_group_id`, `board_field_id`) VALUES (1, 337);
INSERT INTO `board_field_groups` (`board_group_id`, `board_field_id`) VALUES (1, 338);
INSERT INTO `board_field_groups` (`board_group_id`, `board_field_id`) VALUES (1, 653);
INSERT INTO `board_field_groups` (`board_group_id`, `board_field_id`) VALUES (1, 654);
INSERT INTO `board_field_groups` (`board_group_id`, `board_field_id`) VALUES (1, 655);
INSERT INTO `board_field_groups` (`board_group_id`, `board_field_id`) VALUES (1, 656);
INSERT INTO `board_field_groups` (`board_group_id`, `board_field_id`) VALUES (1, 657);
INSERT INTO `board_field_groups` (`board_group_id`, `board_field_id`) VALUES (1, 658);
INSERT INTO `board_field_groups` (`board_group_id`, `board_field_id`) VALUES (1, 659);
INSERT INTO `board_field_groups` (`board_group_id`, `board_field_id`) VALUES (1, 660);
INSERT INTO `board_field_groups` (`board_group_id`, `board_field_id`) VALUES (1, 661);
INSERT INTO `board_field_groups` (`board_group_id`, `board_field_id`) VALUES (1, 662);
INSERT INTO `board_field_groups` (`board_group_id`, `board_field_id`) VALUES (1, 976);
INSERT INTO `board_field_groups` (`board_group_id`, `board_field_id`) VALUES (1, 977);
INSERT INTO `board_field_groups` (`board_group_id`, `board_field_id`) VALUES (1, 978);
INSERT INTO `board_field_groups` (`board_group_id`, `board_field_id`) VALUES (1, 979);
INSERT INTO `board_field_groups` (`board_group_id`, `board_field_id`) VALUES (1, 980);
INSERT INTO `board_field_groups` (`board_group_id`, `board_field_id`) VALUES (1, 981);
INSERT INTO `board_field_groups` (`board_group_id`, `board_field_id`) VALUES (1, 982);
INSERT INTO `board_field_groups` (`board_group_id`, `board_field_id`) VALUES (1, 983);
INSERT INTO `board_field_groups` (`board_group_id`, `board_field_id`) VALUES (1, 984);
INSERT INTO `board_field_groups` (`board_group_id`, `board_field_id`) VALUES (1, 985);
INSERT INTO `board_field_groups` (`board_group_id`, `board_field_id`) VALUES (1, 986);
INSERT INTO `board_field_groups` (`board_group_id`, `board_field_id`) VALUES (1, 987);
INSERT INTO `board_field_groups` (`board_group_id`, `board_field_id`) VALUES (2, 987);
INSERT INTO `board_field_groups` (`board_group_id`, `board_field_id`) VALUES (2, 1311);
INSERT INTO `board_field_groups` (`board_group_id`, `board_field_id`) VALUES (2, 1312);
INSERT INTO `board_field_groups` (`board_group_id`, `board_field_id`) VALUES (2, 1313);
INSERT INTO `board_field_groups` (`board_group_id`, `board_field_id`) VALUES (2, 1314);
INSERT INTO `board_field_groups` (`board_group_id`, `board_field_id`) VALUES (2, 1635);
INSERT INTO `board_field_groups` (`board_group_id`, `board_field_id`) VALUES (2, 1636);
INSERT INTO `board_field_groups` (`board_group_id`, `board_field_id`) VALUES (2, 1637);
INSERT INTO `board_field_groups` (`board_group_id`, `board_field_id`) VALUES (2, 1638);
INSERT INTO `board_field_groups` (`board_group_id`, `board_field_id`) VALUES (2, 1959);
INSERT INTO `board_field_groups` (`board_group_id`, `board_field_id`) VALUES (2, 1960);
INSERT INTO `board_field_groups` (`board_group_id`, `board_field_id`) VALUES (2, 1961);
INSERT INTO `board_field_groups` (`board_group_id`, `board_field_id`) VALUES (2, 1962);
INSERT INTO `board_field_groups` (`board_group_id`, `board_field_id`) VALUES (2, 2283);
INSERT INTO `board_field_groups` (`board_group_id`, `board_field_id`) VALUES (2, 2284);
INSERT INTO `board_field_groups` (`board_group_id`, `board_field_id`) VALUES (2, 2285);
INSERT INTO `board_field_groups` (`board_group_id`, `board_field_id`) VALUES (2, 2286);
INSERT INTO `board_field_groups` (`board_group_id`, `board_field_id`) VALUES (2, 2607);
INSERT INTO `board_field_groups` (`board_group_id`, `board_field_id`) VALUES (2, 2608);
INSERT INTO `board_field_groups` (`board_group_id`, `board_field_id`) VALUES (2, 2609);
INSERT INTO `board_field_groups` (`board_group_id`, `board_field_id`) VALUES (2, 2610);
INSERT INTO `board_field_groups` (`board_group_id`, `board_field_id`) VALUES (2, 2931);
INSERT INTO `board_field_groups` (`board_group_id`, `board_field_id`) VALUES (2, 2932);
INSERT INTO `board_field_groups` (`board_group_id`, `board_field_id`) VALUES (2, 2933);
INSERT INTO `board_field_groups` (`board_group_id`, `board_field_id`) VALUES (2, 2934);
INSERT INTO `board_field_groups` (`board_group_id`, `board_field_id`) VALUES (2, 3255);
INSERT INTO `board_field_groups` (`board_group_id`, `board_field_id`) VALUES (2, 3256);
INSERT INTO `board_field_groups` (`board_group_id`, `board_field_id`) VALUES (2, 3257);
INSERT INTO `board_field_groups` (`board_group_id`, `board_field_id`) VALUES (2, 3258);
INSERT INTO `board_field_groups` (`board_group_id`, `board_field_id`) VALUES (2, 3579);
INSERT INTO `board_field_groups` (`board_group_id`, `board_field_id`) VALUES (2, 3580);
INSERT INTO `board_field_groups` (`board_group_id`, `board_field_id`) VALUES (2, 3581);
INSERT INTO `board_field_groups` (`board_group_id`, `board_field_id`) VALUES (2, 3582);
INSERT INTO `board_field_groups` (`board_group_id`, `board_field_id`) VALUES (2, 3903);
INSERT INTO `board_field_groups` (`board_group_id`, `board_field_id`) VALUES (2, 3904);
INSERT INTO `board_field_groups` (`board_group_id`, `board_field_id`) VALUES (2, 3905);
INSERT INTO `board_field_groups` (`board_group_id`, `board_field_id`) VALUES (2, 3906);
INSERT INTO `board_field_groups` (`board_group_id`, `board_field_id`) VALUES (2, 4227);
INSERT INTO `board_field_groups` (`board_group_id`, `board_field_id`) VALUES (2, 4228);
INSERT INTO `board_field_groups` (`board_group_id`, `board_field_id`) VALUES (2, 4229);
INSERT INTO `board_field_groups` (`board_group_id`, `board_field_id`) VALUES (2, 4230);
INSERT INTO `board_field_groups` (`board_group_id`, `board_field_id`) VALUES (2, 4551);
INSERT INTO `board_field_groups` (`board_group_id`, `board_field_id`) VALUES (3, 4540);
INSERT INTO `board_field_groups` (`board_group_id`, `board_field_id`) VALUES (3, 4541);
INSERT INTO `board_field_groups` (`board_group_id`, `board_field_id`) VALUES (3, 4542);
INSERT INTO `board_field_groups` (`board_group_id`, `board_field_id`) VALUES (3, 4543);
INSERT INTO `board_field_groups` (`board_group_id`, `board_field_id`) VALUES (3, 4544);
INSERT INTO `board_field_groups` (`board_group_id`, `board_field_id`) VALUES (3, 4545);
INSERT INTO `board_field_groups` (`board_group_id`, `board_field_id`) VALUES (3, 4546);
INSERT INTO `board_field_groups` (`board_group_id`, `board_field_id`) VALUES (3, 4547);
INSERT INTO `board_field_groups` (`board_group_id`, `board_field_id`) VALUES (3, 4548);
INSERT INTO `board_field_groups` (`board_group_id`, `board_field_id`) VALUES (3, 4549);
INSERT INTO `board_field_groups` (`board_group_id`, `board_field_id`) VALUES (3, 4550);
INSERT INTO `board_field_groups` (`board_group_id`, `board_field_id`) VALUES (3, 4551);
INSERT INTO `board_field_groups` (`board_group_id`, `board_field_id`) VALUES (3, 4865);
INSERT INTO `board_field_groups` (`board_group_id`, `board_field_id`) VALUES (3, 4866);
INSERT INTO `board_field_groups` (`board_group_id`, `board_field_id`) VALUES (3, 4867);
INSERT INTO `board_field_groups` (`board_group_id`, `board_field_id`) VALUES (3, 4868);
INSERT INTO `board_field_groups` (`board_group_id`, `board_field_id`) VALUES (3, 4869);
INSERT INTO `board_field_groups` (`board_group_id`, `board_field_id`) VALUES (3, 4870);
INSERT INTO `board_field_groups` (`board_group_id`, `board_field_id`) VALUES (3, 4871);
INSERT INTO `board_field_groups` (`board_group_id`, `board_field_id`) VALUES (3, 4872);
INSERT INTO `board_field_groups` (`board_group_id`, `board_field_id`) VALUES (3, 4873);
INSERT INTO `board_field_groups` (`board_group_id`, `board_field_id`) VALUES (3, 4874);
INSERT INTO `board_field_groups` (`board_group_id`, `board_field_id`) VALUES (3, 5189);
INSERT INTO `board_field_groups` (`board_group_id`, `board_field_id`) VALUES (3, 5190);
INSERT INTO `board_field_groups` (`board_group_id`, `board_field_id`) VALUES (3, 5191);
INSERT INTO `board_field_groups` (`board_group_id`, `board_field_id`) VALUES (3, 5192);
INSERT INTO `board_field_groups` (`board_group_id`, `board_field_id`) VALUES (3, 5193);
INSERT INTO `board_field_groups` (`board_group_id`, `board_field_id`) VALUES (3, 5194);
INSERT INTO `board_field_groups` (`board_group_id`, `board_field_id`) VALUES (3, 5195);
INSERT INTO `board_field_groups` (`board_group_id`, `board_field_id`) VALUES (3, 5196);
INSERT INTO `board_field_groups` (`board_group_id`, `board_field_id`) VALUES (3, 5197);
INSERT INTO `board_field_groups` (`board_group_id`, `board_field_id`) VALUES (3, 5198);
INSERT INTO `board_field_groups` (`board_group_id`, `board_field_id`) VALUES (3, 5513);
INSERT INTO `board_field_groups` (`board_group_id`, `board_field_id`) VALUES (3, 5514);
INSERT INTO `board_field_groups` (`board_group_id`, `board_field_id`) VALUES (3, 5515);
INSERT INTO `board_field_groups` (`board_group_id`, `board_field_id`) VALUES (3, 5516);
INSERT INTO `board_field_groups` (`board_group_id`, `board_field_id`) VALUES (3, 5517);
INSERT INTO `board_field_groups` (`board_group_id`, `board_field_id`) VALUES (3, 5518);
INSERT INTO `board_field_groups` (`board_group_id`, `board_field_id`) VALUES (3, 5519);
INSERT INTO `board_field_groups` (`board_group_id`, `board_field_id`) VALUES (3, 5520);
INSERT INTO `board_field_groups` (`board_group_id`, `board_field_id`) VALUES (3, 5521);
INSERT INTO `board_field_groups` (`board_group_id`, `board_field_id`) VALUES (3, 5522);
INSERT INTO `board_field_groups` (`board_group_id`, `board_field_id`) VALUES (4, 976);
INSERT INTO `board_field_groups` (`board_group_id`, `board_field_id`) VALUES (4, 1297);
INSERT INTO `board_field_groups` (`board_group_id`, `board_field_id`) VALUES (4, 1298);
INSERT INTO `board_field_groups` (`board_group_id`, `board_field_id`) VALUES (4, 1299);
INSERT INTO `board_field_groups` (`board_group_id`, `board_field_id`) VALUES (4, 1300);
INSERT INTO `board_field_groups` (`board_group_id`, `board_field_id`) VALUES (4, 1621);
INSERT INTO `board_field_groups` (`board_group_id`, `board_field_id`) VALUES (4, 1622);
INSERT INTO `board_field_groups` (`board_group_id`, `board_field_id`) VALUES (4, 1623);
INSERT INTO `board_field_groups` (`board_group_id`, `board_field_id`) VALUES (4, 1624);
INSERT INTO `board_field_groups` (`board_group_id`, `board_field_id`) VALUES (4, 1945);
INSERT INTO `board_field_groups` (`board_group_id`, `board_field_id`) VALUES (4, 1946);
INSERT INTO `board_field_groups` (`board_group_id`, `board_field_id`) VALUES (4, 1947);
INSERT INTO `board_field_groups` (`board_group_id`, `board_field_id`) VALUES (4, 1948);
INSERT INTO `board_field_groups` (`board_group_id`, `board_field_id`) VALUES (4, 2269);
INSERT INTO `board_field_groups` (`board_group_id`, `board_field_id`) VALUES (4, 2270);
INSERT INTO `board_field_groups` (`board_group_id`, `board_field_id`) VALUES (4, 2271);
INSERT INTO `board_field_groups` (`board_group_id`, `board_field_id`) VALUES (4, 2272);
INSERT INTO `board_field_groups` (`board_group_id`, `board_field_id`) VALUES (4, 2593);
INSERT INTO `board_field_groups` (`board_group_id`, `board_field_id`) VALUES (4, 2594);
INSERT INTO `board_field_groups` (`board_group_id`, `board_field_id`) VALUES (4, 2595);
INSERT INTO `board_field_groups` (`board_group_id`, `board_field_id`) VALUES (4, 2596);
INSERT INTO `board_field_groups` (`board_group_id`, `board_field_id`) VALUES (4, 2917);
INSERT INTO `board_field_groups` (`board_group_id`, `board_field_id`) VALUES (4, 2918);
INSERT INTO `board_field_groups` (`board_group_id`, `board_field_id`) VALUES (4, 2919);
INSERT INTO `board_field_groups` (`board_group_id`, `board_field_id`) VALUES (4, 2920);
INSERT INTO `board_field_groups` (`board_group_id`, `board_field_id`) VALUES (4, 3241);
INSERT INTO `board_field_groups` (`board_group_id`, `board_field_id`) VALUES (4, 3242);
INSERT INTO `board_field_groups` (`board_group_id`, `board_field_id`) VALUES (4, 3243);
INSERT INTO `board_field_groups` (`board_group_id`, `board_field_id`) VALUES (4, 3244);
INSERT INTO `board_field_groups` (`board_group_id`, `board_field_id`) VALUES (4, 3565);
INSERT INTO `board_field_groups` (`board_group_id`, `board_field_id`) VALUES (4, 3566);
INSERT INTO `board_field_groups` (`board_group_id`, `board_field_id`) VALUES (4, 3567);
INSERT INTO `board_field_groups` (`board_group_id`, `board_field_id`) VALUES (4, 3568);
INSERT INTO `board_field_groups` (`board_group_id`, `board_field_id`) VALUES (4, 3889);
INSERT INTO `board_field_groups` (`board_group_id`, `board_field_id`) VALUES (4, 3890);
INSERT INTO `board_field_groups` (`board_group_id`, `board_field_id`) VALUES (4, 3891);
INSERT INTO `board_field_groups` (`board_group_id`, `board_field_id`) VALUES (4, 3892);
INSERT INTO `board_field_groups` (`board_group_id`, `board_field_id`) VALUES (4, 4213);
INSERT INTO `board_field_groups` (`board_group_id`, `board_field_id`) VALUES (4, 4214);
INSERT INTO `board_field_groups` (`board_group_id`, `board_field_id`) VALUES (4, 4215);
INSERT INTO `board_field_groups` (`board_group_id`, `board_field_id`) VALUES (4, 4216);
INSERT INTO `board_field_groups` (`board_group_id`, `board_field_id`) VALUES (4, 4540);
INSERT INTO `board_field_groups` (`board_group_id`, `board_field_id`) VALUES (5, 1301);
INSERT INTO `board_field_groups` (`board_group_id`, `board_field_id`) VALUES (5, 1302);
INSERT INTO `board_field_groups` (`board_group_id`, `board_field_id`) VALUES (5, 1303);
INSERT INTO `board_field_groups` (`board_group_id`, `board_field_id`) VALUES (5, 1304);
INSERT INTO `board_field_groups` (`board_group_id`, `board_field_id`) VALUES (5, 1305);
INSERT INTO `board_field_groups` (`board_group_id`, `board_field_id`) VALUES (5, 1306);
INSERT INTO `board_field_groups` (`board_group_id`, `board_field_id`) VALUES (5, 1307);
INSERT INTO `board_field_groups` (`board_group_id`, `board_field_id`) VALUES (5, 1308);
INSERT INTO `board_field_groups` (`board_group_id`, `board_field_id`) VALUES (5, 1309);
INSERT INTO `board_field_groups` (`board_group_id`, `board_field_id`) VALUES (5, 1310);
INSERT INTO `board_field_groups` (`board_group_id`, `board_field_id`) VALUES (5, 1625);
INSERT INTO `board_field_groups` (`board_group_id`, `board_field_id`) VALUES (5, 1626);
INSERT INTO `board_field_groups` (`board_group_id`, `board_field_id`) VALUES (5, 1627);
INSERT INTO `board_field_groups` (`board_group_id`, `board_field_id`) VALUES (5, 1628);
INSERT INTO `board_field_groups` (`board_group_id`, `board_field_id`) VALUES (5, 1629);
INSERT INTO `board_field_groups` (`board_group_id`, `board_field_id`) VALUES (5, 1630);
INSERT INTO `board_field_groups` (`board_group_id`, `board_field_id`) VALUES (5, 1631);
INSERT INTO `board_field_groups` (`board_group_id`, `board_field_id`) VALUES (5, 1632);
INSERT INTO `board_field_groups` (`board_group_id`, `board_field_id`) VALUES (5, 1633);
INSERT INTO `board_field_groups` (`board_group_id`, `board_field_id`) VALUES (5, 1634);
INSERT INTO `board_field_groups` (`board_group_id`, `board_field_id`) VALUES (5, 1949);
INSERT INTO `board_field_groups` (`board_group_id`, `board_field_id`) VALUES (5, 1950);
INSERT INTO `board_field_groups` (`board_group_id`, `board_field_id`) VALUES (5, 1951);
INSERT INTO `board_field_groups` (`board_group_id`, `board_field_id`) VALUES (5, 1952);
INSERT INTO `board_field_groups` (`board_group_id`, `board_field_id`) VALUES (5, 1953);
INSERT INTO `board_field_groups` (`board_group_id`, `board_field_id`) VALUES (5, 1954);
INSERT INTO `board_field_groups` (`board_group_id`, `board_field_id`) VALUES (5, 1955);
INSERT INTO `board_field_groups` (`board_group_id`, `board_field_id`) VALUES (5, 1956);
INSERT INTO `board_field_groups` (`board_group_id`, `board_field_id`) VALUES (5, 1957);
INSERT INTO `board_field_groups` (`board_group_id`, `board_field_id`) VALUES (5, 1958);
INSERT INTO `board_field_groups` (`board_group_id`, `board_field_id`) VALUES (5, 2273);
INSERT INTO `board_field_groups` (`board_group_id`, `board_field_id`) VALUES (5, 2274);
INSERT INTO `board_field_groups` (`board_group_id`, `board_field_id`) VALUES (5, 2275);
INSERT INTO `board_field_groups` (`board_group_id`, `board_field_id`) VALUES (5, 2276);
INSERT INTO `board_field_groups` (`board_group_id`, `board_field_id`) VALUES (5, 2277);
INSERT INTO `board_field_groups` (`board_group_id`, `board_field_id`) VALUES (5, 2278);
INSERT INTO `board_field_groups` (`board_group_id`, `board_field_id`) VALUES (5, 2279);
INSERT INTO `board_field_groups` (`board_group_id`, `board_field_id`) VALUES (5, 2280);
INSERT INTO `board_field_groups` (`board_group_id`, `board_field_id`) VALUES (5, 2281);
INSERT INTO `board_field_groups` (`board_group_id`, `board_field_id`) VALUES (5, 2282);
INSERT INTO `board_field_groups` (`board_group_id`, `board_field_id`) VALUES (5, 2597);
INSERT INTO `board_field_groups` (`board_group_id`, `board_field_id`) VALUES (5, 2598);
INSERT INTO `board_field_groups` (`board_group_id`, `board_field_id`) VALUES (5, 2599);
INSERT INTO `board_field_groups` (`board_group_id`, `board_field_id`) VALUES (5, 2600);
INSERT INTO `board_field_groups` (`board_group_id`, `board_field_id`) VALUES (5, 2601);
INSERT INTO `board_field_groups` (`board_group_id`, `board_field_id`) VALUES (5, 2602);
INSERT INTO `board_field_groups` (`board_group_id`, `board_field_id`) VALUES (5, 2603);
INSERT INTO `board_field_groups` (`board_group_id`, `board_field_id`) VALUES (5, 2604);
INSERT INTO `board_field_groups` (`board_group_id`, `board_field_id`) VALUES (5, 2605);
INSERT INTO `board_field_groups` (`board_group_id`, `board_field_id`) VALUES (5, 2606);
INSERT INTO `board_field_groups` (`board_group_id`, `board_field_id`) VALUES (5, 2921);
INSERT INTO `board_field_groups` (`board_group_id`, `board_field_id`) VALUES (5, 2922);
INSERT INTO `board_field_groups` (`board_group_id`, `board_field_id`) VALUES (5, 2923);
INSERT INTO `board_field_groups` (`board_group_id`, `board_field_id`) VALUES (5, 2924);
INSERT INTO `board_field_groups` (`board_group_id`, `board_field_id`) VALUES (5, 2925);
INSERT INTO `board_field_groups` (`board_group_id`, `board_field_id`) VALUES (5, 2926);
INSERT INTO `board_field_groups` (`board_group_id`, `board_field_id`) VALUES (5, 2927);
INSERT INTO `board_field_groups` (`board_group_id`, `board_field_id`) VALUES (5, 2928);
INSERT INTO `board_field_groups` (`board_group_id`, `board_field_id`) VALUES (5, 2929);
INSERT INTO `board_field_groups` (`board_group_id`, `board_field_id`) VALUES (5, 2930);
INSERT INTO `board_field_groups` (`board_group_id`, `board_field_id`) VALUES (5, 3245);
INSERT INTO `board_field_groups` (`board_group_id`, `board_field_id`) VALUES (5, 3246);
INSERT INTO `board_field_groups` (`board_group_id`, `board_field_id`) VALUES (5, 3247);
INSERT INTO `board_field_groups` (`board_group_id`, `board_field_id`) VALUES (5, 3248);
INSERT INTO `board_field_groups` (`board_group_id`, `board_field_id`) VALUES (5, 3249);
INSERT INTO `board_field_groups` (`board_group_id`, `board_field_id`) VALUES (5, 3250);
INSERT INTO `board_field_groups` (`board_group_id`, `board_field_id`) VALUES (5, 3251);
INSERT INTO `board_field_groups` (`board_group_id`, `board_field_id`) VALUES (5, 3252);
INSERT INTO `board_field_groups` (`board_group_id`, `board_field_id`) VALUES (5, 3253);
INSERT INTO `board_field_groups` (`board_group_id`, `board_field_id`) VALUES (5, 3254);
INSERT INTO `board_field_groups` (`board_group_id`, `board_field_id`) VALUES (5, 3569);
INSERT INTO `board_field_groups` (`board_group_id`, `board_field_id`) VALUES (5, 3570);
INSERT INTO `board_field_groups` (`board_group_id`, `board_field_id`) VALUES (5, 3571);
INSERT INTO `board_field_groups` (`board_group_id`, `board_field_id`) VALUES (5, 3572);
INSERT INTO `board_field_groups` (`board_group_id`, `board_field_id`) VALUES (5, 3573);
INSERT INTO `board_field_groups` (`board_group_id`, `board_field_id`) VALUES (5, 3574);
INSERT INTO `board_field_groups` (`board_group_id`, `board_field_id`) VALUES (5, 3575);
INSERT INTO `board_field_groups` (`board_group_id`, `board_field_id`) VALUES (5, 3576);
INSERT INTO `board_field_groups` (`board_group_id`, `board_field_id`) VALUES (5, 3577);
INSERT INTO `board_field_groups` (`board_group_id`, `board_field_id`) VALUES (5, 3578);
INSERT INTO `board_field_groups` (`board_group_id`, `board_field_id`) VALUES (5, 3893);
INSERT INTO `board_field_groups` (`board_group_id`, `board_field_id`) VALUES (5, 3894);
INSERT INTO `board_field_groups` (`board_group_id`, `board_field_id`) VALUES (5, 3895);
INSERT INTO `board_field_groups` (`board_group_id`, `board_field_id`) VALUES (5, 3896);
INSERT INTO `board_field_groups` (`board_group_id`, `board_field_id`) VALUES (5, 3897);
INSERT INTO `board_field_groups` (`board_group_id`, `board_field_id`) VALUES (5, 3898);
INSERT INTO `board_field_groups` (`board_group_id`, `board_field_id`) VALUES (5, 3899);
INSERT INTO `board_field_groups` (`board_group_id`, `board_field_id`) VALUES (5, 3900);
INSERT INTO `board_field_groups` (`board_group_id`, `board_field_id`) VALUES (5, 3901);
INSERT INTO `board_field_groups` (`board_group_id`, `board_field_id`) VALUES (5, 3902);
INSERT INTO `board_field_groups` (`board_group_id`, `board_field_id`) VALUES (5, 4217);
INSERT INTO `board_field_groups` (`board_group_id`, `board_field_id`) VALUES (5, 4218);
INSERT INTO `board_field_groups` (`board_group_id`, `board_field_id`) VALUES (5, 4219);
INSERT INTO `board_field_groups` (`board_group_id`, `board_field_id`) VALUES (5, 4220);
INSERT INTO `board_field_groups` (`board_group_id`, `board_field_id`) VALUES (5, 4221);
INSERT INTO `board_field_groups` (`board_group_id`, `board_field_id`) VALUES (5, 4222);
INSERT INTO `board_field_groups` (`board_group_id`, `board_field_id`) VALUES (5, 4223);
INSERT INTO `board_field_groups` (`board_group_id`, `board_field_id`) VALUES (5, 4224);
INSERT INTO `board_field_groups` (`board_group_id`, `board_field_id`) VALUES (5, 4225);
INSERT INTO `board_field_groups` (`board_group_id`, `board_field_id`) VALUES (5, 4226);
